{
    "go.mod": {
        "github/sylabs/singularity": {
            "credit": 0.01,
            "url": null
        }
    },
    "go": {
        "github.com/Netflix/go-expect": {
            "credit": 0.0002302325581395349,
            "url": null
        },
        "github.com/ProtonMail/go-crypto": {
            "credit": 0.0002302325581395349,
            "url": null
        },
        "github.com/adigunhammedolalekan/registry-auth": {
            "credit": 0.0002302325581395349,
            "url": null
        },
        "github.com/apex/log": {
            "credit": 0.0002302325581395349,
            "url": null
        },
        "github.com/blang/semver/v4": {
            "credit": 0.0002302325581395349,
            "url": null
        },
        "github.com/buger/jsonparser": {
            "credit": 0.0002302325581395349,
            "url": null
        },
        "github.com/containerd/containerd": {
            "credit": 0.0002302325581395349,
            "url": null
        },
        "github.com/containernetworking/cni": {
            "credit": 0.0002302325581395349,
            "url": null
        },
        "github.com/containernetworking/plugins": {
            "credit": 0.0002302325581395349,
            "url": null
        },
        "github.com/containers/common": {
            "credit": 0.0002302325581395349,
            "url": null
        },
        "github.com/containers/image/v5": {
            "credit": 0.0002302325581395349,
            "url": null
        },
        "github.com/cyphar/filepath-securejoin": {
            "credit": 0.0002302325581395349,
            "url": null
        },
        "github.com/docker/docker": {
            "credit": 0.0002302325581395349,
            "url": null
        },
        "github.com/fatih/color": {
            "credit": 0.0002302325581395349,
            "url": null
        },
        "github.com/go-log/log": {
            "credit": 0.0002302325581395349,
            "url": null
        },
        "github.com/google/uuid": {
            "credit": 0.0002302325581395349,
            "url": null
        },
        "github.com/gosimple/slug": {
            "credit": 0.0002302325581395349,
            "url": null
        },
        "github.com/moby/term": {
            "credit": 0.0002302325581395349,
            "url": null
        },
        "github.com/opencontainers/go-digest": {
            "credit": 0.0002302325581395349,
            "url": null
        },
        "github.com/opencontainers/image-spec": {
            "credit": 0.0002302325581395349,
            "url": null
        },
        "github.com/opencontainers/runc": {
            "credit": 0.0002302325581395349,
            "url": null
        },
        "github.com/opencontainers/runtime-spec": {
            "credit": 0.0002302325581395349,
            "url": null
        },
        "github.com/opencontainers/runtime-tools": {
            "credit": 0.0002302325581395349,
            "url": null
        },
        "github.com/opencontainers/selinux": {
            "credit": 0.0002302325581395349,
            "url": null
        },
        "github.com/opencontainers/umoci": {
            "credit": 0.0002302325581395349,
            "url": null
        },
        "github.com/pelletier/go-toml": {
            "credit": 0.0002302325581395349,
            "url": null
        },
        "github.com/pkg/errors": {
            "credit": 0.0002302325581395349,
            "url": null
        },
        "github.com/seccomp/libseccomp-golang": {
            "credit": 0.0002302325581395349,
            "url": null
        },
        "github.com/spf13/cobra": {
            "credit": 0.0002302325581395349,
            "url": null
        },
        "github.com/spf13/pflag": {
            "credit": 0.0002302325581395349,
            "url": null
        },
        "github.com/sylabs/json-resp": {
            "credit": 0.0002302325581395349,
            "url": null
        },
        "github.com/sylabs/scs-build-client": {
            "credit": 0.0002302325581395349,
            "url": null
        },
        "github.com/sylabs/scs-key-client": {
            "credit": 0.0002302325581395349,
            "url": null
        },
        "github.com/sylabs/scs-library-client": {
            "credit": 0.0002302325581395349,
            "url": null
        },
        "github.com/sylabs/sif/v2": {
            "credit": 0.0002302325581395349,
            "url": null
        },
        "github.com/vbauerster/mpb/v4": {
            "credit": 0.0002302325581395349,
            "url": null
        },
        "github.com/vbauerster/mpb/v6": {
            "credit": 0.0002302325581395349,
            "url": null
        },
        "golang.org/x/sys": {
            "credit": 0.0002302325581395349,
            "url": null
        },
        "golang.org/x/term": {
            "credit": 0.0002302325581395349,
            "url": null
        },
        "gopkg.in/yaml.v2": {
            "credit": 0.0002302325581395349,
            "url": null
        },
        "gotest.tools/v3": {
            "credit": 0.0002302325581395349,
            "url": null
        },
        "mvdan.cc/sh/v3": {
            "credit": 0.0002302325581395349,
            "url": null
        },
        "oras.land/oras-go": {
            "credit": 0.0002302325581395349,
            "url": null
        }
    }
}